{"cameraMode":{"drawMode":0,"name":"Shaded","section":"Shading Mode"},"sceneLighting":false,"audioPlay":false,"sceneViewState":{"showFog":false,"showMaterialUpdate":false,"showSkybox":false,"showFlares":false,"showImageEffects":false,"showParticleSystems":true},"in2DMode":false,"pivot":{"x":8.05405044555664,"y":298.1877746582031,"z":-89.025634765625},"rotation":{"x":0.17672044038772584,"y":0.20041270554065705,"z":-0.03677979111671448,"w":0.9629392623901367},"size":213.45980834960938,"orthographic":false}